INSERT INTO public.utilities (id, code, name, price, unit) VALUES ('0a1feff7-1828-4dd7-939d-7f3d08d8c1e1', 'ELECTRIC', 'Điện', 3000, 'Số');
INSERT INTO public.utilities (id, code, name, price, unit) VALUES ('8b0a1b2a-9a31-49cc-a1b3-dbc930fb2370', 'WATER', 'Nước', 80000, 'Phòng');
INSERT INTO public.utilities (id, code, name, price, unit) VALUES ('2ed2f210-ffd5-4da8-b007-14dbd252a1a0', 'INTERNET', 'Mạng', 100000, 'Phòng');
INSERT INTO public.utilities (id, code, name, price, unit) VALUES ('2cc47491-abe0-40cd-b7a8-9d48d7d9749c', 'VEHICLE', 'Xe cộ', 20000, 'Xe');

INSERT INTO public.house (id, house_code, house_position, room_available, room_number) VALUES ('36ebdb8d-cb4b-4ad4-88cd-f364784055aa', 'H_01', 'Số 48 ngõ 132 đường Cầu Giấy - phường Quan Hoa - quận Cầu Giấy - Hà Nội', 10, 10);
INSERT INTO public.house (id, house_code, house_position, room_available, room_number) VALUES ('e13d1a49-4263-4adc-886a-68fe665f93a8', 'H_02', 'Số 1 nguyễn khánh toàn - Phường Quan Hoa - Quận Cầu Giấy - Thành phố Hà Nội', 0, 2);
INSERT INTO public.house (id, house_code, house_position, room_available, room_number) VALUES ('aee71db7-0d27-46fb-af38-722619bb5f81', 'H_03', 'Ngõ 85 Xuân Thủy - Phường Dịch Vọng - Quận Cầu Giấy - Thành phố Hà Nội', 14, 15);

INSERT INTO public.room (id, house_code, name, room_code, room_position, room_price, room_status) VALUES ('57770162-014f-486f-be39-ee48b539194f', 'H_01', 'Phòng 01', 'H_01_01', 'Tầng 2', 3000000, 'EMPTY');
INSERT INTO public.room (id, house_code, name, room_code, room_position, room_price, room_status) VALUES ('025f61c4-2710-40a5-bac6-b331cb15382f', 'H_01', 'Phòng 02', 'H_01_02', 'Tầng 2', 3000000, 'EMPTY');
INSERT INTO public.room (id, house_code, name, room_code, room_position, room_price, room_status) VALUES ('1c87c033-d15f-4b46-aa36-5bf88053fb2b', 'H_01', 'Phòng 03', 'H_01_03', 'Tầng 3', 3000000, 'EMPTY');
INSERT INTO public.room (id, house_code, name, room_code, room_position, room_price, room_status) VALUES ('0e2062d9-1d81-401f-bfde-db9c3824fb4c', 'H_01', 'Phòng 04', 'H_01_04', 'Tầng 3', 3000000, 'EMPTY');
INSERT INTO public.room (id, house_code, name, room_code, room_position, room_price, room_status) VALUES ('bbfca345-582d-4313-ae44-2272922ae438', 'H_01', 'Phòng 05', 'H_01_05', 'Tầng 4', 3000000, 'EMPTY');
INSERT INTO public.room (id, house_code, name, room_code, room_position, room_price, room_status) VALUES ('490e19f1-3f00-4912-ae30-bfd286293ba8', 'H_01', 'Phòng 06', 'H_01_06', 'Tầng 4', 3000000, 'EMPTY');
INSERT INTO public.room (id, house_code, name, room_code, room_position, room_price, room_status) VALUES ('eda4c0c9-c90f-421e-884b-8c8f048c7440', 'H_01', 'Phòng 07', 'H_01_07', 'Tầng 5', 3000000, 'EMPTY');
INSERT INTO public.room (id, house_code, name, room_code, room_position, room_price, room_status) VALUES ('6fe0fc41-af79-41de-a3d3-5c182eeefc9b', 'H_01', 'Phòng 08', 'H_01_08', 'Tầng 5', 3000000, 'EMPTY');
INSERT INTO public.room (id, house_code, name, room_code, room_position, room_price, room_status) VALUES ('677e704e-edf2-4afa-9768-e4ae2d13412b', 'H_01', 'Phòng 09', 'H_01_09', 'Tầng 6', 3000000, 'EMPTY');
INSERT INTO public.room (id, house_code, name, room_code, room_position, room_price, room_status) VALUES ('2ab09097-838a-4914-a40e-1a70cfc87e23', 'H_01', 'Phòng 10', 'H_01_10', 'Tầng 6', 3000000, 'EMPTY');
INSERT INTO public.room (id, house_code, name, room_code, room_position, room_price, room_status) VALUES ('db17f0af-24b3-42ea-ba41-656ecabbf1f1', 'H_03', 'Phòng 202', 'H_03_05', 'Tầng 3', 3000000, 'EMPTY');
INSERT INTO public.room (id, house_code, name, room_code, room_position, room_price, room_status) VALUES ('e2ee4df5-4368-4b71-b6f6-5e2152052ca9', 'H_03', 'Phòng 401', 'H_03_10', 'Tầng 5', 3000000, 'EMPTY');
INSERT INTO public.room (id, house_code, name, room_code, room_position, room_price, room_status) VALUES ('a2b2f8c4-2fed-42df-a901-0de68cbe3d84', 'H_03', 'Phòng 402', 'H_03_11', 'Tầng 5', 3000000, 'EMPTY');
INSERT INTO public.room (id, house_code, name, room_code, room_position, room_price, room_status) VALUES ('ee458d14-a691-45fb-a0e2-d5492c156efd', 'H_03', 'Phòng 403', 'H_03_12', 'Tầng 5', 3000000, 'EMPTY');
INSERT INTO public.room (id, house_code, name, room_code, room_position, room_price, room_status) VALUES ('215d8af5-7d3f-44c5-a414-33ce459ab2db', 'H_03', 'Phòng 501', 'H_03_13', 'Tầng 6', 3000000, 'EMPTY');
INSERT INTO public.room (id, house_code, name, room_code, room_position, room_price, room_status) VALUES ('b1e96d0f-e380-44ba-9b0c-6d9d54f1d55b', 'H_03', 'Phòng 502', 'H_03_14', 'Tầng 6', 3000000, 'EMPTY');
INSERT INTO public.room (id, house_code, name, room_code, room_position, room_price, room_status) VALUES ('50c063f9-5733-4bd4-ac95-70b7f6b86f8f', 'H_03', 'Phòng 503', 'H_03_15', 'Tầng 6', 3000000, 'EMPTY');
INSERT INTO public.room (id, house_code, name, room_code, room_position, room_price, room_status) VALUES ('79626862-5f36-4e57-843c-4d28c87a3117', 'H_02', 'Phòng 01', 'H_02_01', 'Tầng 1', 3000000, 'RENTED');
INSERT INTO public.room (id, house_code, name, room_code, room_position, room_price, room_status) VALUES ('37b87c5a-0508-4966-b30f-9817ae11c927', 'H_02', 'Phòng 04', 'H_02_02', 'Tầng 3', 3000000, 'RENTED');
INSERT INTO public.room (id, house_code, name, room_code, room_position, room_price, room_status) VALUES ('fbbb9b4c-55da-47cb-9304-1db4e8e8f667', 'H_03', 'Phòng 101', 'H_03_01', 'Tầng 2', 3000000, 'RENTED');
INSERT INTO public.room (id, house_code, name, room_code, room_position, room_price, room_status) VALUES ('f5a970ed-8082-4038-b4b3-0fdc544db53f', 'H_03', 'Phòng 102', 'H_03_02', 'Tầng 2', 3000000, 'RENTED');
INSERT INTO public.room (id, house_code, name, room_code, room_position, room_price, room_status) VALUES ('61206c0c-28da-4df8-8d1b-7443e1278508', 'H_03', 'Phòng 103', 'H_03_03', 'Tầng 2', 3000000, 'RENTED');
INSERT INTO public.room (id, house_code, name, room_code, room_position, room_price, room_status) VALUES ('e915c2fa-c14c-4673-8d79-dbf6b1f68bf0', 'H_03', 'Phòng 206', 'H_03_06', 'Tầng 3', 3000000, 'RENTED');
INSERT INTO public.room (id, house_code, name, room_code, room_position, room_price, room_status) VALUES ('72ab8dcf-b346-4fc2-817f-b66ca2a9b8e8', 'H_03', 'Phòng 301', 'H_03_07', 'Tầng 4', 3000000, 'RENTED');
INSERT INTO public.room (id, house_code, name, room_code, room_position, room_price, room_status) VALUES ('e8a0329e-9452-48c9-b2ca-4540a2b38b3b', 'H_03', 'Phòng 302', 'H_03_08', 'Tầng 4', 3000000, 'RENTED');
INSERT INTO public.room (id, house_code, name, room_code, room_position, room_price, room_status) VALUES ('06adc4ca-0ef2-4da7-832a-fea986ec2e75', 'H_03', 'Phòng 303', 'H_03_09', 'Tầng 4', 3000000, 'RENTED');
INSERT INTO public.room (id, house_code, name, room_code, room_position, room_price, room_status) VALUES ('81321492-fd23-4667-86a5-252daa800bb2', 'H_03', 'Phòng 201', 'H_03_04', 'Tầng 3', 3000000, 'RENTED');

INSERT INTO public.contract (id, birthdate, contract_code, create_by, create_date, full_name, gender, gender_code, identity_card_number, other_phone_number, phone_number, place_of_origin, place_of_residence, rent_user, room_code, status, update_date, username) VALUES ('3d9ef60d-24d7-4756-8597-ac38b15a0119', '2002-12-03', 'H_02_01_2024-04-22_036202008596', '', '2024-04-22 15:23:03.624014', 'Trần Anh Tuấn', 'Nam', 'MALE', '036202008596', '', '0384551953', 'Thôn Phú Cốc - Xã Minh Thuận - Huyện Vụ Bản - Tỉnh Nam Định', 'Thôn Phú Cốc - Xã Minh Thuận - Huyện Vụ Bản - Tỉnh Nam Định', null, 'H_02_01', 'DRAFT', '2024-04-22 15:23:03.624014', null);
INSERT INTO public.contract (id, birthdate, contract_code, create_by, create_date, full_name, gender, gender_code, identity_card_number, other_phone_number, phone_number, place_of_origin, place_of_residence, rent_user, room_code, status, update_date, username) VALUES ('3ebea55b-87ad-4359-bfce-9cd6a437f8e8', '2002-12-03', 'H_03_02_2024-04-23_036202008596', '', '2024-04-23 11:03:28.665417', 'Trần Anh Tuấn', 'Nam', 'MALE', '036202008596', '', '0384551953', 'Thôn Phú Cốc - Xã Minh Thuận - Huyện Vụ Bản - Tỉnh Nam Định', 'Thôn Phú Cốc - Xã Minh Thuận - Huyện Vụ Bản - Tỉnh Nam Định', null, 'H_03_02', 'DRAFT', '2024-04-23 11:03:28.665417', null);
INSERT INTO public.contract (id, birthdate, contract_code, create_by, create_date, full_name, gender, gender_code, identity_card_number, other_phone_number, phone_number, place_of_origin, place_of_residence, rent_user, room_code, status, update_date, username) VALUES ('034ffad6-95a0-4971-a3fa-3725e101753b', '2002-12-03', 'H_03_03_2024-04-23_036202008596', '', '2024-04-23 11:03:57.807411', 'Trần Anh Tuấn', 'Nam', 'MALE', '036202008596', '', '0384551953', 'Thôn Phú Cốc - Xã Minh Thuận - Huyện Vụ Bản - Tỉnh Nam Định', 'Thôn Phú Cốc - Xã Minh Thuận - Huyện Vụ Bản - Tỉnh Nam Định', null, 'H_03_03', 'DRAFT', '2024-04-23 11:03:57.807411', null);
INSERT INTO public.contract (id, birthdate, contract_code, create_by, create_date, full_name, gender, gender_code, identity_card_number, other_phone_number, phone_number, place_of_origin, place_of_residence, rent_user, room_code, status, update_date, username) VALUES ('84f2db27-df1c-428a-a4ec-7d3e49ff3927', '2002-12-03', 'H_03_06_2024-04-23_036202008596', '', '2024-04-23 11:04:13.921334', 'Trần Anh Tuấn', 'Nam', 'MALE', '036202008596', '', '0384551953', 'Thôn Phú Cốc - Xã Minh Thuận - Huyện Vụ Bản - Tỉnh Nam Định', 'Thôn Phú Cốc - Xã Minh Thuận - Huyện Vụ Bản - Tỉnh Nam Định', null, 'H_03_06', 'DRAFT', '2024-04-23 11:04:13.921334', null);
INSERT INTO public.contract (id, birthdate, contract_code, create_by, create_date, full_name, gender, gender_code, identity_card_number, other_phone_number, phone_number, place_of_origin, place_of_residence, rent_user, room_code, status, update_date, username) VALUES ('c3a953e3-8bde-4e26-9e06-1062a60025de', '2002-12-03', 'H_02_02_2024-04-22_036202008596', '', '2024-04-22 15:26:09.056260', 'Trần Anh Tuấn', 'Nam', 'MALE', '036202008596', '', '0384551953', 'Thôn Phú Cốc - Xã Minh Thuận - Huyện Vụ Bản - Tỉnh Nam Định', 'Thôn Phú Cốc - Xã Minh Thuận - Huyện Vụ Bản - Tỉnh Nam Định', null, 'H_02_02', 'EFFECTIVE', '2024-04-22 15:26:09.056260', null);
INSERT INTO public.contract (id, birthdate, contract_code, create_by, create_date, full_name, gender, gender_code, identity_card_number, other_phone_number, phone_number, place_of_origin, place_of_residence, rent_user, room_code, status, update_date, username) VALUES ('20e581ab-99a3-416b-acc9-afdb304e50b0', '2002-12-03', 'H_03_01_2024-04-23_036202008596', '', '2024-04-23 11:00:45.371720', 'Trần Anh Tuấn', 'Nam', 'MALE', '036202008596', '', '0384551953', 'Thôn Phú Cốc - Xã Minh Thuận - Huyện Vụ Bản - Tỉnh Nam Định', 'Thôn Phú Cốc - Xã Minh Thuận - Huyện Vụ Bản - Tỉnh Nam Định', null, 'H_03_01', 'EFFECTIVE', '2024-04-23 11:00:45.371720', null);
INSERT INTO public.contract (id, birthdate, contract_code, create_by, create_date, full_name, gender, gender_code, identity_card_number, other_phone_number, phone_number, place_of_origin, place_of_residence, rent_user, room_code, status, update_date, username) VALUES ('d5aa2ba1-f868-4c3d-82ef-a940f84eb9d7', '2002-12-03', 'H_03_04_2024-04-23_036202008596', '', '2024-04-23 11:04:06.337885', 'Trần Anh Tuấn', 'Nam', 'MALE', '036202008596', '', '0384551953', 'Thôn Phú Cốc - Xã Minh Thuận - Huyện Vụ Bản - Tỉnh Nam Định', 'Thôn Phú Cốc - Xã Minh Thuận - Huyện Vụ Bản - Tỉnh Nam Định', null, 'H_03_04', 'EXPIRE', '2024-04-23 11:04:06.337885', null);
INSERT INTO public.contract (id, birthdate, contract_code, create_by, create_date, full_name, gender, gender_code, identity_card_number, other_phone_number, phone_number, place_of_origin, place_of_residence, rent_user, room_code, status, update_date, username) VALUES ('c2b32dfe-0744-4ac9-a9e5-f680a2cd57a0', '2002-12-03', 'H_03_05_2024-04-23_036202008596', '', '2024-04-23 11:04:10.073681', 'Trần Anh Tuấn', 'Nam', 'MALE', '036202008596', '', '0384551953', 'Thôn Phú Cốc - Xã Minh Thuận - Huyện Vụ Bản - Tỉnh Nam Định', 'Thôn Phú Cốc - Xã Minh Thuận - Huyện Vụ Bản - Tỉnh Nam Định', null, 'H_03_05', 'EXPIRE', '2024-04-23 11:04:10.073681', null);
INSERT INTO public.contract (id, birthdate, contract_code, create_by, create_date, full_name, gender, gender_code, identity_card_number, other_phone_number, phone_number, place_of_origin, place_of_residence, rent_user, room_code, status, update_date, username) VALUES ('3d3f0dd6-d921-412d-aa5f-2016248a3ffe', '2002-12-03', 'H_03_09_2024-04-23_036202008596', '', '2024-04-23 11:04:25.739669', 'Trần Anh Tuấn', 'Nam', 'MALE', '036202008596', '', '0384551953', 'Thôn Phú Cốc - Xã Minh Thuận - Huyện Vụ Bản - Tỉnh Nam Định', 'Thôn Phú Cốc - Xã Minh Thuận - Huyện Vụ Bản - Tỉnh Nam Định', null, 'H_03_09', 'DRAFT', '2024-04-28 20:57:52.548862', null);
INSERT INTO public.contract (id, birthdate, contract_code, create_by, create_date, full_name, gender, gender_code, identity_card_number, other_phone_number, phone_number, place_of_origin, place_of_residence, rent_user, room_code, status, update_date, username) VALUES ('85e1607b-06ed-4326-961b-008b5a080c00', '1998-11-04T17:00:00.000Z', 'H_03_04_2024-04-28_1234567890', '', '2024-04-28 11:08:04.878348', 'Phạm Thị Hồng Ngọc', 'Nữ', 'FEMALE', '1234567890', '', '0359004943', 'Hải Dương', 'Hải Dương', null, 'H_03_04', 'DRAFT', '2024-04-28 22:22:48.118462', null);
INSERT INTO public.contract (id, birthdate, contract_code, create_by, create_date, full_name, gender, gender_code, identity_card_number, other_phone_number, phone_number, place_of_origin, place_of_residence, rent_user, room_code, status, update_date, username) VALUES ('0d9bcfc9-d926-457d-9e39-32b89e26befb', '2002-12-03', 'H_03_08_2024-04-23_036202008596', '', '2024-04-23 11:04:22.372364', 'Trần Anh Tuấn', 'Nam', 'MALE', '036202008596', '', '0384551953', 'Thôn Phú Cốc - Xã Minh Thuận - Huyện Vụ Bản - Tỉnh Nam Định', 'Thôn Phú Cốc - Xã Minh Thuận - Huyện Vụ Bản - Tỉnh Nam Định', null, 'H_03_08', 'EFFECTIVE', '2024-04-28 23:01:34.448066', null);
INSERT INTO public.contract (id, birthdate, contract_code, create_by, create_date, full_name, gender, gender_code, identity_card_number, other_phone_number, phone_number, place_of_origin, place_of_residence, rent_user, room_code, status, update_date, username) VALUES ('860b66ac-60c0-460a-a656-ab3dd05cf1de', '2002-12-03', 'H_03_07_2024-04-23_036202008596', '', '2024-04-23 11:04:18.287212', 'Trần Anh Tuấn', 'Nam', 'MALE', '036202008596', '', '0384551953', 'Thôn Phú Cốc - Xã Minh Thuận - Huyện Vụ Bản - Tỉnh Nam Định', 'Thôn Phú Cốc - Xã Minh Thuận - Huyện Vụ Bản - Tỉnh Nam Định', null, 'H_03_07', 'DRAFT', '2024-04-28 23:13:40.448079', null);

INSERT INTO public.contract_upload (id, contract_id, file_type, path) VALUES ('529cde52-f4c4-43d1-b430-c7b8f0f2da73', '3d3f0dd6-d921-412d-aa5f-2016248a3ffe', 'FRONT', 'fae0bc19-d2b9-4d06-b85e-fceb31451281');
INSERT INTO public.contract_upload (id, contract_id, file_type, path) VALUES ('668291ee-ece4-4f3d-b36f-8cea21ee788f', '3d3f0dd6-d921-412d-aa5f-2016248a3ffe', 'BACK', 'a5cdcb4e-0884-4e0f-82ce-00831ee8eec5');
INSERT INTO public.contract_upload (id, contract_id, file_type, path) VALUES ('0cb7db2c-7773-483d-92ef-17dbb7755f33', '85e1607b-06ed-4326-961b-008b5a080c00', 'FRONT', '5955bf63-56f7-4f60-8a89-589098da1462');
INSERT INTO public.contract_upload (id, contract_id, file_type, path) VALUES ('01001b74-0526-4277-b07d-47c443c4770f', '85e1607b-06ed-4326-961b-008b5a080c00', 'BACK', 'dc36a072-3404-4754-b9ce-96d094275507');
INSERT INTO public.contract_upload (id, contract_id, file_type, path) VALUES ('9610a827-6f57-4850-8644-7c07fede297b', '0d9bcfc9-d926-457d-9e39-32b89e26befb', 'FRONT', '15aef1c2-a408-4b41-bc38-6abc868a1ba3');
INSERT INTO public.contract_upload (id, contract_id, file_type, path) VALUES ('8c996b60-1789-4ffe-b305-91e86041a62b', '0d9bcfc9-d926-457d-9e39-32b89e26befb', 'BACK', 'ed8dc24c-95e3-418c-9fe3-da074696566f');
INSERT INTO public.contract_upload (id, contract_id, file_type, path) VALUES ('6a3440a7-a4ba-4345-8955-619e580f4994', '860b66ac-60c0-460a-a656-ab3dd05cf1de', 'FRONT', '0cae3da1-aefc-4dd7-98ca-23f27e0d0527');
INSERT INTO public.contract_upload (id, contract_id, file_type, path) VALUES ('fd181a38-7878-4fa0-83df-63aa034dada1', '860b66ac-60c0-460a-a656-ab3dd05cf1de', 'BACK', '038ca105-1289-4648-aee1-71e69174f706');

INSERT INTO public.bill (id, contract_id, created_date, month, payment_date, status, total, year) VALUES ('bb9da071-7458-44cb-b92d-e0893a00dd6e', '0d9bcfc9-d926-457d-9e39-32b89e26befb', '2024-05-08', 1, null, 'PENDING', 3396000, 2024);
INSERT INTO public.bill (id, contract_id, created_date, month, payment_date, status, total, year) VALUES ('07a903f7-60a1-4526-a1ee-c9d0dc743672', '0d9bcfc9-d926-457d-9e39-32b89e26befb', '2024-05-08', 2, null, 'PENDING', 3596000, 2024);
INSERT INTO public.bill (id, contract_id, created_date, month, payment_date, status, total, year) VALUES ('361666d5-4b86-4282-aca8-288d3b57de75', '0d9bcfc9-d926-457d-9e39-32b89e26befb', '2024-05-08', 3, null, 'PENDING', 3423000, 2024);
INSERT INTO public.bill (id, contract_id, created_date, month, payment_date, status, total, year) VALUES ('fc7df323-34e0-49b6-9c40-fb7699a20930', '0d9bcfc9-d926-457d-9e39-32b89e26befb', '2024-05-08', 4, null, 'PENDING', 3405000, 2024);
INSERT INTO public.bill (id, contract_id, created_date, month, payment_date, status, total, year) VALUES ('8846acfe-9496-435e-b6f5-2cd9b15769c9', '20e581ab-99a3-416b-acc9-afdb304e50b0', '2024-05-08', 1, null, 'PENDING', 3560000, 2024);
INSERT INTO public.bill (id, contract_id, created_date, month, payment_date, status, total, year) VALUES ('50201cb8-c8be-4f24-bc5d-d4f059927e7b', '20e581ab-99a3-416b-acc9-afdb304e50b0', '2024-05-08', 2, null, 'PENDING', 3599000, 2024);
INSERT INTO public.bill (id, contract_id, created_date, month, payment_date, status, total, year) VALUES ('8aec029f-2062-41ef-9fe0-4a5afa04b52a', '20e581ab-99a3-416b-acc9-afdb304e50b0', '2024-05-08', 3, null, 'PENDING', 3623000, 2024);
INSERT INTO public.bill (id, contract_id, created_date, month, payment_date, status, total, year) VALUES ('025bb1b8-f7e3-4556-90d1-3ee301d430ec', '20e581ab-99a3-416b-acc9-afdb304e50b0', '2024-05-08', 4, null, 'PENDING', 3608000, 2024);
INSERT INTO public.bill (id, contract_id, created_date, month, payment_date, status, total, year) VALUES ('034a1aaf-4ece-4a5e-80bb-67f52a99649b', 'c3a953e3-8bde-4e26-9e06-1062a60025de', '2024-05-08', 1, null, 'PENDING', 3408000, 2024);
INSERT INTO public.bill (id, contract_id, created_date, month, payment_date, status, total, year) VALUES ('defb0b24-1552-4c9f-acc5-34e7837b44d2', 'c3a953e3-8bde-4e26-9e06-1062a60025de', '2024-05-08', 2, null, 'PENDING', 3393000, 2024);
INSERT INTO public.bill (id, contract_id, created_date, month, payment_date, status, total, year) VALUES ('624b3ad8-71d5-482b-baca-86d64ae9c8da', 'c3a953e3-8bde-4e26-9e06-1062a60025de', '2024-05-08', 3, null, 'PENDING', 3405000, 2024);
INSERT INTO public.bill (id, contract_id, created_date, month, payment_date, status, total, year) VALUES ('0ffee8c6-47da-4466-81c1-b256869c204d', 'c3a953e3-8bde-4e26-9e06-1062a60025de', '2024-05-08', 4, null, 'PENDING', 3423000, 2024);

INSERT INTO public.bill_detail (id, bill_id, contract_id, month, note, number, total_price, utility_code, year) VALUES ('120868e7-ae23-43d8-a403-e141ad596d9e', 'bb9da071-7458-44cb-b92d-e0893a00dd6e', '0d9bcfc9-d926-457d-9e39-32b89e26befb', 1, null, 72, 216000, 'ELECTRIC', 2024);
INSERT INTO public.bill_detail (id, bill_id, contract_id, month, note, number, total_price, utility_code, year) VALUES ('340efbd0-4960-44cd-af43-652b8e42ef11', 'bb9da071-7458-44cb-b92d-e0893a00dd6e', '0d9bcfc9-d926-457d-9e39-32b89e26befb', 1, null, 1, 80000, 'WATER', 2024);
INSERT INTO public.bill_detail (id, bill_id, contract_id, month, note, number, total_price, utility_code, year) VALUES ('739c356a-e8fe-4fc0-9b82-3a9946a1f8db', 'bb9da071-7458-44cb-b92d-e0893a00dd6e', '0d9bcfc9-d926-457d-9e39-32b89e26befb', 1, null, 1, 100000, 'INTERNET', 2024);
INSERT INTO public.bill_detail (id, bill_id, contract_id, month, note, number, total_price, utility_code, year) VALUES ('7c7073b7-ac85-442c-9859-db9c4be8cf6e', 'bb9da071-7458-44cb-b92d-e0893a00dd6e', '0d9bcfc9-d926-457d-9e39-32b89e26befb', 1, null, 1, 3000000, 'ROOM', 2024);
INSERT INTO public.bill_detail (id, bill_id, contract_id, month, note, number, total_price, utility_code, year) VALUES ('383636b7-ad62-4a2f-8297-f5402c896ad6', '07a903f7-60a1-4526-a1ee-c9d0dc743672', '0d9bcfc9-d926-457d-9e39-32b89e26befb', 2, null, 112, 336000, 'ELECTRIC', 2024);
INSERT INTO public.bill_detail (id, bill_id, contract_id, month, note, number, total_price, utility_code, year) VALUES ('3f17c5ff-eb79-49c5-ae6f-413a9c51a789', '07a903f7-60a1-4526-a1ee-c9d0dc743672', '0d9bcfc9-d926-457d-9e39-32b89e26befb', 2, null, 2, 160000, 'WATER', 2024);
INSERT INTO public.bill_detail (id, bill_id, contract_id, month, note, number, total_price, utility_code, year) VALUES ('f793087a-259d-4a48-8011-ee6f9e719712', '07a903f7-60a1-4526-a1ee-c9d0dc743672', '0d9bcfc9-d926-457d-9e39-32b89e26befb', 2, null, 1, 100000, 'INTERNET', 2024);
INSERT INTO public.bill_detail (id, bill_id, contract_id, month, note, number, total_price, utility_code, year) VALUES ('fe500964-d66f-4622-b66c-085a01ce1694', '07a903f7-60a1-4526-a1ee-c9d0dc743672', '0d9bcfc9-d926-457d-9e39-32b89e26befb', 2, null, 1, 3000000, 'ROOM', 2024);
INSERT INTO public.bill_detail (id, bill_id, contract_id, month, note, number, total_price, utility_code, year) VALUES ('9cf65f8b-cd33-4cf3-a03a-49a9b07e5865', '361666d5-4b86-4282-aca8-288d3b57de75', '0d9bcfc9-d926-457d-9e39-32b89e26befb', 3, null, 81, 243000, 'ELECTRIC', 2024);
INSERT INTO public.bill_detail (id, bill_id, contract_id, month, note, number, total_price, utility_code, year) VALUES ('ae8e0421-a718-4173-87af-c989f2c42a81', '361666d5-4b86-4282-aca8-288d3b57de75', '0d9bcfc9-d926-457d-9e39-32b89e26befb', 3, null, 1, 80000, 'WATER', 2024);
INSERT INTO public.bill_detail (id, bill_id, contract_id, month, note, number, total_price, utility_code, year) VALUES ('3f22ec0b-7c17-4e4a-b520-e19c69cfd802', '361666d5-4b86-4282-aca8-288d3b57de75', '0d9bcfc9-d926-457d-9e39-32b89e26befb', 3, null, 1, 100000, 'INTERNET', 2024);
INSERT INTO public.bill_detail (id, bill_id, contract_id, month, note, number, total_price, utility_code, year) VALUES ('1bae3aaa-1e0e-4188-abce-bdf9139beefd', '361666d5-4b86-4282-aca8-288d3b57de75', '0d9bcfc9-d926-457d-9e39-32b89e26befb', 3, null, 1, 3000000, 'ROOM', 2024);
INSERT INTO public.bill_detail (id, bill_id, contract_id, month, note, number, total_price, utility_code, year) VALUES ('ee6294b2-a74d-4b66-abfa-b57ec9e6ff01', 'fc7df323-34e0-49b6-9c40-fb7699a20930', '0d9bcfc9-d926-457d-9e39-32b89e26befb', 4, null, 75, 225000, 'ELECTRIC', 2024);
INSERT INTO public.bill_detail (id, bill_id, contract_id, month, note, number, total_price, utility_code, year) VALUES ('a155813e-c335-426a-845c-3014a7db0f66', 'fc7df323-34e0-49b6-9c40-fb7699a20930', '0d9bcfc9-d926-457d-9e39-32b89e26befb', 4, null, 1, 80000, 'WATER', 2024);
INSERT INTO public.bill_detail (id, bill_id, contract_id, month, note, number, total_price, utility_code, year) VALUES ('ad18c1f4-67ef-4b5e-b970-efc2fc0a47c3', 'fc7df323-34e0-49b6-9c40-fb7699a20930', '0d9bcfc9-d926-457d-9e39-32b89e26befb', 4, null, 1, 100000, 'INTERNET', 2024);
INSERT INTO public.bill_detail (id, bill_id, contract_id, month, note, number, total_price, utility_code, year) VALUES ('1a2235a2-eec2-4bb7-9ca7-4ae12c8a331d', 'fc7df323-34e0-49b6-9c40-fb7699a20930', '0d9bcfc9-d926-457d-9e39-32b89e26befb', 4, null, 1, 3000000, 'ROOM', 2024);
INSERT INTO public.bill_detail (id, bill_id, contract_id, month, note, number, total_price, utility_code, year) VALUES ('3fbfac8e-5659-4b20-8cbc-7e6603fe13cc', '8846acfe-9496-435e-b6f5-2cd9b15769c9', '20e581ab-99a3-416b-acc9-afdb304e50b0', 1, null, 100, 300000, 'ELECTRIC', 2024);
INSERT INTO public.bill_detail (id, bill_id, contract_id, month, note, number, total_price, utility_code, year) VALUES ('3c6cde76-1f6f-47b8-a6cd-bf1a8009feb0', '8846acfe-9496-435e-b6f5-2cd9b15769c9', '20e581ab-99a3-416b-acc9-afdb304e50b0', 1, null, 2, 160000, 'WATER', 2024);
INSERT INTO public.bill_detail (id, bill_id, contract_id, month, note, number, total_price, utility_code, year) VALUES ('95c14497-5d9f-4cc3-b7b0-2752fad01d25', '8846acfe-9496-435e-b6f5-2cd9b15769c9', '20e581ab-99a3-416b-acc9-afdb304e50b0', 1, null, 1, 100000, 'INTERNET', 2024);
INSERT INTO public.bill_detail (id, bill_id, contract_id, month, note, number, total_price, utility_code, year) VALUES ('c510fb21-2625-4b86-9fcc-f322c7e8ad9b', '8846acfe-9496-435e-b6f5-2cd9b15769c9', '20e581ab-99a3-416b-acc9-afdb304e50b0', 1, null, 1, 3000000, 'ROOM', 2024);
INSERT INTO public.bill_detail (id, bill_id, contract_id, month, note, number, total_price, utility_code, year) VALUES ('03ef41e3-ea79-4c3c-82da-df881c716f64', '50201cb8-c8be-4f24-bc5d-d4f059927e7b', '20e581ab-99a3-416b-acc9-afdb304e50b0', 2, null, 113, 339000, 'ELECTRIC', 2024);
INSERT INTO public.bill_detail (id, bill_id, contract_id, month, note, number, total_price, utility_code, year) VALUES ('906fc93e-ce25-441a-92b8-56e1ed2cadd6', '50201cb8-c8be-4f24-bc5d-d4f059927e7b', '20e581ab-99a3-416b-acc9-afdb304e50b0', 2, null, 2, 160000, 'WATER', 2024);
INSERT INTO public.bill_detail (id, bill_id, contract_id, month, note, number, total_price, utility_code, year) VALUES ('f14ba541-9ada-4c58-a438-dae39c034704', '50201cb8-c8be-4f24-bc5d-d4f059927e7b', '20e581ab-99a3-416b-acc9-afdb304e50b0', 2, null, 1, 100000, 'INTERNET', 2024);
INSERT INTO public.bill_detail (id, bill_id, contract_id, month, note, number, total_price, utility_code, year) VALUES ('d4c21430-aea0-4d3b-b9de-8de6efa83cf0', '50201cb8-c8be-4f24-bc5d-d4f059927e7b', '20e581ab-99a3-416b-acc9-afdb304e50b0', 2, null, 1, 3000000, 'ROOM', 2024);
INSERT INTO public.bill_detail (id, bill_id, contract_id, month, note, number, total_price, utility_code, year) VALUES ('17487feb-a280-453b-b0ad-70af6fc3e69d', '8aec029f-2062-41ef-9fe0-4a5afa04b52a', '20e581ab-99a3-416b-acc9-afdb304e50b0', 3, null, 121, 363000, 'ELECTRIC', 2024);
INSERT INTO public.bill_detail (id, bill_id, contract_id, month, note, number, total_price, utility_code, year) VALUES ('26a323b1-36eb-4ccf-a529-7d451a8c3b6d', '8aec029f-2062-41ef-9fe0-4a5afa04b52a', '20e581ab-99a3-416b-acc9-afdb304e50b0', 3, null, 2, 160000, 'WATER', 2024);
INSERT INTO public.bill_detail (id, bill_id, contract_id, month, note, number, total_price, utility_code, year) VALUES ('5c800634-10eb-477c-b98f-6c012ea9a3d7', '8aec029f-2062-41ef-9fe0-4a5afa04b52a', '20e581ab-99a3-416b-acc9-afdb304e50b0', 3, null, 1, 100000, 'INTERNET', 2024);
INSERT INTO public.bill_detail (id, bill_id, contract_id, month, note, number, total_price, utility_code, year) VALUES ('41019d6c-e730-404d-82fb-4e5d1fa7fc20', '8aec029f-2062-41ef-9fe0-4a5afa04b52a', '20e581ab-99a3-416b-acc9-afdb304e50b0', 3, null, 1, 3000000, 'ROOM', 2024);
INSERT INTO public.bill_detail (id, bill_id, contract_id, month, note, number, total_price, utility_code, year) VALUES ('035ef95c-1bbb-411c-a504-1cf58a4ab804', '025bb1b8-f7e3-4556-90d1-3ee301d430ec', '20e581ab-99a3-416b-acc9-afdb304e50b0', 4, null, 116, 348000, 'ELECTRIC', 2024);
INSERT INTO public.bill_detail (id, bill_id, contract_id, month, note, number, total_price, utility_code, year) VALUES ('b9397a5c-d667-47fa-a914-401edc069dfa', '025bb1b8-f7e3-4556-90d1-3ee301d430ec', '20e581ab-99a3-416b-acc9-afdb304e50b0', 4, null, 2, 160000, 'WATER', 2024);
INSERT INTO public.bill_detail (id, bill_id, contract_id, month, note, number, total_price, utility_code, year) VALUES ('67694999-3f85-4204-ba46-265b20fe1873', '025bb1b8-f7e3-4556-90d1-3ee301d430ec', '20e581ab-99a3-416b-acc9-afdb304e50b0', 4, null, 1, 100000, 'INTERNET', 2024);
INSERT INTO public.bill_detail (id, bill_id, contract_id, month, note, number, total_price, utility_code, year) VALUES ('3f455240-58ca-4275-9e7b-0e8bca21a83f', '025bb1b8-f7e3-4556-90d1-3ee301d430ec', '20e581ab-99a3-416b-acc9-afdb304e50b0', 4, null, 1, 3000000, 'ROOM', 2024);
INSERT INTO public.bill_detail (id, bill_id, contract_id, month, note, number, total_price, utility_code, year) VALUES ('e15fb583-17db-4479-9802-eade66b0c199', '034a1aaf-4ece-4a5e-80bb-67f52a99649b', 'c3a953e3-8bde-4e26-9e06-1062a60025de', 1, null, 76, 228000, 'ELECTRIC', 2024);
INSERT INTO public.bill_detail (id, bill_id, contract_id, month, note, number, total_price, utility_code, year) VALUES ('43669e82-9165-4f44-b976-17db14cd8bca', '034a1aaf-4ece-4a5e-80bb-67f52a99649b', 'c3a953e3-8bde-4e26-9e06-1062a60025de', 1, null, 1, 80000, 'WATER', 2024);
INSERT INTO public.bill_detail (id, bill_id, contract_id, month, note, number, total_price, utility_code, year) VALUES ('fe8e5397-3d9e-40cb-bf40-17f33d655ecf', '034a1aaf-4ece-4a5e-80bb-67f52a99649b', 'c3a953e3-8bde-4e26-9e06-1062a60025de', 1, null, 1, 100000, 'INTERNET', 2024);
INSERT INTO public.bill_detail (id, bill_id, contract_id, month, note, number, total_price, utility_code, year) VALUES ('5dcf3bd9-c977-42c2-ad76-e430fe888a88', '034a1aaf-4ece-4a5e-80bb-67f52a99649b', 'c3a953e3-8bde-4e26-9e06-1062a60025de', 1, null, 1, 3000000, 'ROOM', 2024);
INSERT INTO public.bill_detail (id, bill_id, contract_id, month, note, number, total_price, utility_code, year) VALUES ('a2669177-61b0-45c3-bf6a-f3c1702f48ab', 'defb0b24-1552-4c9f-acc5-34e7837b44d2', 'c3a953e3-8bde-4e26-9e06-1062a60025de', 2, null, 71, 213000, 'ELECTRIC', 2024);
INSERT INTO public.bill_detail (id, bill_id, contract_id, month, note, number, total_price, utility_code, year) VALUES ('d1112e75-7ab8-4f1e-bc55-9bc05534f656', 'defb0b24-1552-4c9f-acc5-34e7837b44d2', 'c3a953e3-8bde-4e26-9e06-1062a60025de', 2, null, 1, 80000, 'WATER', 2024);
INSERT INTO public.bill_detail (id, bill_id, contract_id, month, note, number, total_price, utility_code, year) VALUES ('afb61da1-1f2a-4791-b157-2bb5a95ffc4d', 'defb0b24-1552-4c9f-acc5-34e7837b44d2', 'c3a953e3-8bde-4e26-9e06-1062a60025de', 2, null, 1, 100000, 'INTERNET', 2024);
INSERT INTO public.bill_detail (id, bill_id, contract_id, month, note, number, total_price, utility_code, year) VALUES ('652ca6df-1b5c-4709-ad57-475a14a191f5', 'defb0b24-1552-4c9f-acc5-34e7837b44d2', 'c3a953e3-8bde-4e26-9e06-1062a60025de', 2, null, 1, 3000000, 'ROOM', 2024);
INSERT INTO public.bill_detail (id, bill_id, contract_id, month, note, number, total_price, utility_code, year) VALUES ('6f5b00e8-ab8c-4c74-b689-048c5a68e10e', '624b3ad8-71d5-482b-baca-86d64ae9c8da', 'c3a953e3-8bde-4e26-9e06-1062a60025de', 3, null, 75, 225000, 'ELECTRIC', 2024);
INSERT INTO public.bill_detail (id, bill_id, contract_id, month, note, number, total_price, utility_code, year) VALUES ('191a68c1-d1d8-4416-a6eb-f313008555d6', '624b3ad8-71d5-482b-baca-86d64ae9c8da', 'c3a953e3-8bde-4e26-9e06-1062a60025de', 3, null, 1, 80000, 'WATER', 2024);
INSERT INTO public.bill_detail (id, bill_id, contract_id, month, note, number, total_price, utility_code, year) VALUES ('735d2d92-9c6a-4613-b68f-e09424d4c3f4', '624b3ad8-71d5-482b-baca-86d64ae9c8da', 'c3a953e3-8bde-4e26-9e06-1062a60025de', 3, null, 1, 100000, 'INTERNET', 2024);
INSERT INTO public.bill_detail (id, bill_id, contract_id, month, note, number, total_price, utility_code, year) VALUES ('061fa461-f8f4-42f6-a7b4-8df7a4a27e78', '624b3ad8-71d5-482b-baca-86d64ae9c8da', 'c3a953e3-8bde-4e26-9e06-1062a60025de', 3, null, 1, 3000000, 'ROOM', 2024);
INSERT INTO public.bill_detail (id, bill_id, contract_id, month, note, number, total_price, utility_code, year) VALUES ('394148b5-4fa5-4586-860a-8de947993ece', '0ffee8c6-47da-4466-81c1-b256869c204d', 'c3a953e3-8bde-4e26-9e06-1062a60025de', 4, null, 81, 243000, 'ELECTRIC', 2024);
INSERT INTO public.bill_detail (id, bill_id, contract_id, month, note, number, total_price, utility_code, year) VALUES ('5f5da8cc-7146-4698-8b90-20d2cc724bee', '0ffee8c6-47da-4466-81c1-b256869c204d', 'c3a953e3-8bde-4e26-9e06-1062a60025de', 4, null, 1, 80000, 'WATER', 2024);
INSERT INTO public.bill_detail (id, bill_id, contract_id, month, note, number, total_price, utility_code, year) VALUES ('070e9b5f-b233-44c9-9a51-8f8d52ad8adb', '0ffee8c6-47da-4466-81c1-b256869c204d', 'c3a953e3-8bde-4e26-9e06-1062a60025de', 4, null, 1, 100000, 'INTERNET', 2024);
INSERT INTO public.bill_detail (id, bill_id, contract_id, month, note, number, total_price, utility_code, year) VALUES ('db9e52b7-155a-4694-8481-e7a17ac49ab5', '0ffee8c6-47da-4466-81c1-b256869c204d', 'c3a953e3-8bde-4e26-9e06-1062a60025de', 4, null, 1, 3000000, 'ROOM', 2024);

CREATE EXTENSION unaccent;
ALTER FUNCTION unaccent(text) IMMUTABLE;
ALTER FUNCTION unaccent(regdictionary, text) IMMUTABLE;